<?xml version="1.0" encoding="UTF-8"?>
<modification>
    <id>DragonApp Track Shipment Support AfterShip</id>
    <version>1.5.3.1.013</version>
    <vqmver>2.1.7</vqmver>
    <author>DragonApp</author>

    <!-- FOR Default theme ONLY -->
    <!-- FOR Default theme ONLY -->


    <file name="catalog/view/theme/marketshop/template/account/order_list.tpl">
        <operation>
            <search position="after" error="skip"><![CDATA[
				<?php echo $header; ?><?php echo $column_left; ?><?php echo $column_right; ?>
			]]></search>
            <add><![CDATA[
				<div id="as-root"></div><script>(function(e,t,n){var r,i=e.getElementsByTagName(t)[0];if(e.getElementById(n))return;r=e.createElement(t);r.id=n;r.src="//apps.aftership.com/all.js";i.parentNode.insertBefore(r,i)})(document,"script","aftership-jssdk")</script>
			]]></add>
        </operation>


        <operation>
            <search position="replace" error="skip"><![CDATA[
				<div class="order-status"><b><?php echo $text_status; ?></b> <?php echo $order['status']; ?></div>
			]]></search>
            <add><![CDATA[

			<div class="order-status"><b><?php echo $text_status; ?></b> <?php echo $order['status']; ?>
			<?php
					$trackings = $order['trackings'];

					foreach ($trackings as $key => $value) {
						$track_info = explode("_", $value);
						echo '<div id="' . $track_info[0] . '-' . $track_info[1] . '" style="white-space:nowrap;padding-bottom: 10px;">';
						echo '<img src="image/courier/' . $track_info[0] . '.png" /> ';
						echo '<div class="as-track-button" data-support="true" data-width="100" data-size="small" data-slug="'.trim($track_info[0]).'" data-tracking-number="'.trim($track_info[1]).'"></div>';
						echo '</div>';
					}
				?>
			</div>
			]]></add>
        </operation>
    </file>


    <file name="catalog/view/theme/marketshop/template/account/order_info.tpl">
        <operation>
            <search position="after" error="skip"><![CDATA[
				<?php echo $header; ?><?php echo $column_left; ?><?php echo $column_right; ?>
			]]></search>
            <add><![CDATA[
				<div id="as-root"></div><script>(function(e,t,n){var r,i=e.getElementsByTagName(t)[0];if(e.getElementById(n))return;r=e.createElement(t);r.id=n;r.src="//apps.aftership.com/all.js";i.parentNode.insertBefore(r,i)})(document,"script","aftership-jssdk")</script>
			]]></add>
        </operation>


        <operation>
            <search position="replace" error="skip"><![CDATA[
				<b><?php echo $text_shipping_method; ?></b> <?php echo $shipping_method; ?>
			]]></search>
            <add><![CDATA[

			<b><?php echo $text_shipping_method; ?></b> <?php echo $shipping_method; ?><br />

			<?php
					$trackings = $tracking_number;

					foreach ($trackings as $key => $value) {
						$track_info = explode("_", $value);
						echo '<div id="' . $track_info[0] . '-' . $track_info[1] . '" style="white-space:nowrap;padding-bottom: 10px;">';
						echo '<img src="image/courier/' . $track_info[0] . '.png" /> ';
						echo '<div class="as-track-button" data-support="true" data-width="100" data-size="small" data-slug="'.trim($track_info[0]).'" data-tracking-number="'.trim($track_info[1]).'"></div>';
						echo '</div>';
					}
				?>

			</div>
			]]></add>
        </operation>


    </file>



</modification>
